e0	p	e1
e2	p	e3
e4	p	e5
e6	p	e7
e8	p	e9
e10	p	e11
e12	p	e13
e14	p	e15
e16	p	e17
e18	p	e19
e20	p	e21
e22	p	e23
e24	p	e25
e26	p	e27
e28	p	e29
e30	p	e31
e32	p	e33
e34	p	e35
e36	p	e37
e38	p	e39
e40	p	e41
e42	p	e43
e44	p	e45
e46	p	e47
e48	p	e49
e50	p	e51
e52	p	e53
e54	p	e55
e56	p	e57
e58	p	e59
e60	p	e61
e62	p	e63
e64	p	e65
e66	p	e67
e68	p	e69
e70	p	e71
e72	p	e73
e74	p	e75
e76	p	e77
e78	p	e79
e80	p	e81
e82	p	e83
e84	p	e85
e86	p	e87
e88	p	e89
e90	p	e91
e92	p	e93
e94	p	e95
e96	p	e97
e98	p	e99
e100	p	e101
e102	p	e103
e104	p	e105
e106	p	e107
e108	p	e109
e110	p	e111
e112	p	e113
e114	p	e115
e116	p	e117
e118	p	e119
e120	p	e121
e122	p	e123
e124	p	e125
e126	p	e127
e128	p	e129
e130	p	e131
e132	p	e133
e134	p	e135
e136	p	e137
e138	p	e139
e140	p	e141
e142	p	e143
e144	p	e145
e146	p	e147
e148	p	e149
e150	p	e151
e152	p	e153
e154	p	e155
e156	p	e157
e158	p	e159
e160	p	e161
e162	p	e163
e164	p	e165
e166	p	e167
e168	p	e169
e170	p	e171
e172	p	e173
e174	p	e175
e176	p	e177
e178	p	e179
e180	p	e181
e182	p	e183
e184	p	e185
e186	p	e187
e188	p	e189
e190	p	e191
e192	p	e193
e194	p	e195
e196	p	e197
e198	p	e199
e200	p	e201
e202	p	e203
e204	p	e205
e206	p	e207
e208	p	e209
e210	p	e211
e212	p	e213
e214	p	e215
e216	p	e217
e218	p	e219
e220	p	e221
e222	p	e223
e224	p	e225
e226	p	e227
e228	p	e229
e230	p	e231
e232	p	e233
e234	p	e235
e236	p	e237
e238	p	e239
e240	p	e241
e242	p	e243
e244	p	e245
e246	p	e247
e248	p	e249
e250	p	e251
e252	p	e253
e254	p	e255
q0	q	q1
